Albino Drake,44178
Amani Battle Bear,69747
Amani Dragonhawk,68825
Amber Primordial Direhorn,94230
Amber Scorpion,85262
Argent Hippogryph,45725
Argent Warhorse,47180
Armored Bloodwing,95341
Armored Blue Dragonhawk,98259
Armored Brown Bear,44225
Armored Snowy Gryphon,44689
Ashes of Al'ar,32458
Azure Cloud Serpent,85430
Azure Drake Mount,43952
Azure Netherwing Drake,32858
Azure Riding Crane,87781
Azure Water Strider,81354
Big Battle Bear,49282
Black Battlestrider,29465
Black Drake Mount,43986
Black Primal Raptor,94292
Black Riding Goat,89391
Black War Bear,44223
Black War Elekk,35906
Black War Mammoth,43956
Black War Ram,29467
Black War Steed,29468
Black War Tiger,29471
Blonde Riding Yak,87789
Bloodbathed Frostbrood Vanquisher,51954
Blue Dragonhawk,44843
Blue Drake Mount,43953
Blue Proto-Drake,44151
Blue Riding Nether Ray,32319
Blue Shado-Pan Riding Tiger,89307
Bronze Drake Mount,43951
Brown Riding Camel,63044
Brown Riding Goat,89362
Celestial Steed,54811
Cenarion War Hippogryph,33999
Cobalt Netherwing Drake,32859
Cobalt Riding Talbuk,31830
Cobalt War Talbuk,29227
Corrupted Fire Hawk,69230
Dark Phoenix,63125
Darkmoon Dancing Bear,73766
Darnassian Nightsaber,45591
Drake of the East Wind,62901
Drake of the North Wind,63040
Drake of the West Wind,63039
Exodar Elekk,45590
Fiery Warhorse,30480
Flameward Hippogryph,69213
Fossilized Raptor,60954
Frosty Flying Carpet,54797
Gnomeregan Mechanostrider,45589
Golden Cloud Serpent,85429
Golden King,62298
Golden Primal Direhorn,95564
Golden Riding Crane,87782
Grand Armored Gryphon,93168
Grand Black War Mammoth,43959
Grand Expedition Yak,84101
Grand Gryphon,93385
Grand Ice Mammoth,43961
Great Black Dragon Turtle,87802
Great Blue Dragon Turtle,87803
Great Blue Elekk,29745
Great Brewfest Kodo,37828
Great Brown Dragon Turtle,87804
Great Green Dragon Turtle,87801
Great Green Elekk,29746
Great Purple Dragon Turtle,87805
Great Purple Elekk,29747
Great Red Dragon Turtle,82811
Great Red Elekk,46756
Green Primal Raptor,94293
Green Proto-Drake,44707
Green Riding Nether Ray,32314
Green Shado-Pan Riding Tiger,89305
Grey Riding Camel,63046
Grey Riding Yak,87788
Headless Horseman's Mount,37012
Heart of the Aspects,78924
Heavenly Crimson Cloud Serpent,87773
Ice Mammoth,43958
Icebound Frostbrood Vanquisher,51955
Imperial Quilen,85870
Ironbound Proto-Drake,45801
Ironforge Ram,45586
Jade Cloud Serpent,79802
Jade Pandaren Kite,91802
Jade Primordial Direhorn,94231
Life-Binder's Handmaiden,77069
Magnificent Flying Carpet,44558
Mekgineer's Chopper,44413
Obsidian Nightwing,83086
Onyx Cloud Serpent,87768
Onyx Netherwing Drake,32857
Onyxian Drake,49636
Pandaren Kite,89785
Phosphorescent Stone Drake,63042
Pureblood Fire Hawk,69224
Purple Netherwing Drake,32860
Purple Riding Nether Ray,32316
Quel'dorei Steed,46815
Raven Lord,32768
Red Drake,43955
Red Primal Raptor,94291
Red Proto-Drake,44160
Red Riding Nether Ray,32317
Red Shado-Pan Riding Tiger,89306
Regal Riding Crane,87783
Rivendare's Deathcharger,13335
Rusted Proto-Drake,45802
Sandstone Drake,65891
Silver Covenant Hippogryph,46813
Silver Riding Nether Ray,32318
Silver Riding Talbuk,31832
Silver War Talbuk,29229
Slate Primordial Direhorn,94229
Spectral Gryphon,76889
Spectral Steed,64998
Stormpike Battle Charger,19030
Stormwind Steed,45125
Subdued Seahorse,67151
Swift Alliance Steed,49044
Swift Blue Gryphon,25473
Swift Brown Ram,18786
Swift Brown Steed,18777
Swift Forest Strider,72140
Swift Frostsaber,18766
Swift Gray Ram,18787
Swift Gray Steed,46758
Swift Green Gryphon,25528
Swift Green Mechanostrider,18772
Swift Lovebird,72146
Swift Mistsaber,18767
Swift Moonsaber,46759
Swift Mountain Horse,73839
Swift Palomino,18776
Swift Purple Gryphon,25529
Swift Razzashi Raptor,19872
Swift Red Gryphon,25527
Swift Spectral Tiger,49284
Swift Springstrider,72145
Swift Stormsaber,18902
Swift Violet Ram,46762
Swift White Hawkstrider,35513
Swift White Mechanostrider,18773
Swift White Ram,18785
Swift White Steed,18778
Swift Windsteed,92724
Swift Yellow Mechanostrider,18774
Swift Zhevra,37719
Swift Zulian Tiger,19902
Tan Riding Camel,63045
Tan Riding Talbuk,31834
Tan War Talbuk,29230
Thundering August Cloud Serpent,89304
Thundering Jade Cloud Serpent,85666
Time-Lost Proto-Drake,44168
Traveler's Tundra Mammoth,44235
Turbo-Charged Flying Machine,34061
Turbostrider,46763
Twilight Drake,43954
Twilight Harbinger,77068
Tyrael's Charger,76755
Ultramarine Qiraji Battle Tank,64883
Veridian Netherwing Drake,32861
Violet Netherwing Drake,32862
Violet Pandaren Phoenix,90712
Violet Proto-Drake,44177
Vitreous Stone Drake,63043
Volcanic Stone Drake,62900
White Polar Bear,43962
White Riding Goat,89390
White Riding Talbuk,31836
White War Talbuk,29231
Winged Guardian,69846
Winterspring Frostsaber,13086
Wooly Mammoth,44230
X-53 Touring Rocket,54860
Abyssal Seahorse,54465
Big Blizzard Bear,43599
Black Dragon Turtle,87795
Black Stallion,2411
Blue Dragon Turtle,87796
Blue Mechanostrider,8595
Blue Qiraji Battle Tank,21218
Brown Dragon Turtle,87797
Brown Elekk,28481
Brown Horse,5656
Brown Ram,5872
Chestnut Mare,5655
Depleted-Kyparium Rocket,87250
Ebon Gryphon,25471
Flying Carpet,44554
Flying Machine,34060
Golden Gryphon,25470
Gray Elekk,29744
Gray Ram,5864
Green Dragon Turtle,82765
Green Mechanostrider,13321
Green Qiraji Battle Tank,21323
Jade Panther,83088
Mountain Horse,73838
Pinto,2414
Purple Dragon Turtle,87799
Purple Elekk,29743
Red Dragon Turtle,87800
Red Flying Cloud,89363
Red Mechanostrider,8563
Red Qiraji Battle Tank,21321
Ruby Panther,83087
Sapphire Panther,83090
Sea Turtle,46109
Snowy Gryphon,25472
Spotted Frostsaber,8632
Striped Dawnsaber,47100
Striped Frostsaber,8631
Striped Nightsaber,8629
Sunstone Panther,83089
Unpainted Mechanostrider,13322
White Ram,5873
Yellow Qiraji Battle Tank,21324
